<?xml version="1.0" encoding="UTF-8" standalone="yes"?>
<?mso-application progid="Word.Document"?>
<w:wordDocument xmlns:aml="http://schemas.microsoft.com/aml/2001/core" xmlns:wpc="http://schemas.microsoft.com/office/word/2010/wordprocessingCanvas" xmlns:cx="http://schemas.microsoft.com/office/drawing/2014/chartex" xmlns:cx1="http://schemas.microsoft.com/office/drawing/2015/9/8/chartex" xmlns:cx2="http://schemas.microsoft.com/office/drawing/2015/10/21/chartex" xmlns:cx3="http://schemas.microsoft.com/office/drawing/2016/5/9/chartex" xmlns:cx4="http://schemas.microsoft.com/office/drawing/2016/5/10/chartex" xmlns:cx5="http://schemas.microsoft.com/office/drawing/2016/5/11/chartex" xmlns:cx6="http://schemas.microsoft.com/office/drawing/2016/5/12/chartex" xmlns:cx7="http://schemas.microsoft.com/office/drawing/2016/5/13/chartex" xmlns:cx8="http://schemas.microsoft.com/office/drawing/2016/5/14/chartex" xmlns:dt="uuid:C2F41010-65B3-11d1-A29F-00AA00C14882" xmlns:mc="http://schemas.openxmlformats.org/markup-compatibility/2006" xmlns:aink="http://schemas.microsoft.com/office/drawing/2016/ink" xmlns:am3d="http://schemas.microsoft.com/office/drawing/2017/model3d" xmlns:o="urn:schemas-microsoft-com:office:office" xmlns:v="urn:schemas-microsoft-com:vml" xmlns:w10="urn:schemas-microsoft-com:office:word" xmlns:w="http://schemas.microsoft.com/office/word/2003/wordml" xmlns:wx="http://schemas.microsoft.com/office/word/2003/auxHint" xmlns:wne="http://schemas.microsoft.com/office/word/2006/wordml" xmlns:wsp="http://schemas.microsoft.com/office/word/2003/wordml/sp2" xmlns:sl="http://schemas.microsoft.com/schemaLibrary/2003/core" xmlns:ns0="urn:oasis:names:tc:opendocument:xmlns:datastyle:1.0" xmlns:ns1="urn:oasis:names:tc:opendocument:xmlns:xsl-fo-compatible:1.0" w:macrosPresent="no" w:embeddedObjPresent="no" w:ocxPresent="no" xml:space="preserve"><w:ignoreSubtree w:val="http://schemas.microsoft.com/office/word/2003/wordml/sp2"/><o:DocumentProperties><o:LastAuthor>Hemanth Kulkarni</o:LastAuthor><o:Revision>17</o:Revision><o:TotalTime>24</o:TotalTime><o:Created>2019-07-25T08:48:00Z</o:Created><o:LastSaved>2019-07-31T07:29:00Z</o:LastSaved><o:Pages>1</o:Pages><o:Words>66</o:Words><o:Characters>377</o:Characters><o:Lines>3</o:Lines><o:Paragraphs>1</o:Paragraphs><o:CharactersWithSpaces>442</o:CharactersWithSpaces><o:Version>16</o:Version></o:DocumentProperties><o:CustomDocumentProperties><o:Editor dt:dt="string">LibreOffice/6.1.5.2$Linux_X86_64 LibreOffice_project/10$Build-2</o:Editor><o:Language dt:dt="string"/></o:CustomDocumentProperties><w:fonts><w:defaultFonts w:ascii="Times New Roman" w:fareast="Times New Roman" w:h-ansi="Times New Roman" w:cs="Times New Roman"/><w:font w:name="Times New Roman"><w:panose-1 w:val="02020603050405020304"/><w:charset w:val="00"/><w:family w:val="Roman"/><w:pitch w:val="variable"/><w:sig w:usb-0="E0002EFF" w:usb-1="C000785B" w:usb-2="00000009" w:usb-3="00000000" w:csb-0="000001FF" w:csb-1="00000000"/></w:font><w:font w:name="Cambria Math"><w:panose-1 w:val="02040503050406030204"/><w:charset w:val="00"/><w:family w:val="Roman"/><w:pitch w:val="variable"/><w:sig w:usb-0="E00006FF" w:usb-1="420024FF" w:usb-2="02000000" w:usb-3="00000000" w:csb-0="0000019F" w:csb-1="00000000"/></w:font><w:font w:name="Liberation Mono"><w:altName w:val="Calibri"/><w:charset w:val="00"/><w:family w:val="Modern"/><w:pitch w:val="fixed"/></w:font><w:font w:name="Liberation Serif"><w:altName w:val="Times New Roman"/><w:charset w:val="00"/><w:family w:val="Roman"/><w:pitch w:val="variable"/></w:font><w:font w:name="Liberation Sans"><w:charset w:val="00"/><w:family w:val="Swiss"/><w:pitch w:val="variable"/></w:font><w:font w:name="DejaVu Sans"><w:altName w:val="Verdana"/><w:charset w:val="00"/><w:family w:val="auto"/><w:pitch w:val="variable"/></w:font></w:fonts><w:lists><w:listDef w:listDefId="0"><w:lsid w:val="25932B15"/><w:plt w:val="Multilevel"/><w:tmpl w:val="94805D1E"/><w:lvl w:ilvl="0"><w:start w:val="1"/><w:nfc w:val="255"/><w:suff w:val="Nothing"/><w:lvlText w:val="%1"/><w:lvlJc w:val="left"/></w:lvl><w:lvl w:ilvl="1"><w:start w:val="1"/><w:nfc w:val="255"/><w:suff w:val="Nothing"/><w:lvlText w:val="%2"/><w:lvlJc w:val="left"/></w:lvl><w:lvl w:ilvl="2"><w:start w:val="1"/><w:nfc w:val="255"/><w:suff w:val="Nothing"/><w:lvlText w:val="%3"/><w:lvlJc w:val="left"/></w:lvl><w:lvl w:ilvl="3"><w:start w:val="1"/><w:nfc w:val="255"/><w:suff w:val="Nothing"/><w:lvlText w:val="%4"/><w:lvlJc w:val="left"/></w:lvl><w:lvl w:ilvl="4"><w:start w:val="1"/><w:nfc w:val="255"/><w:suff w:val="Nothing"/><w:lvlText w:val="%5"/><w:lvlJc w:val="left"/></w:lvl><w:lvl w:ilvl="5"><w:start w:val="1"/><w:nfc w:val="255"/><w:suff w:val="Nothing"/><w:lvlText w:val="%6"/><w:lvlJc w:val="left"/></w:lvl><w:lvl w:ilvl="6"><w:start w:val="1"/><w:nfc w:val="255"/><w:suff w:val="Nothing"/><w:lvlText w:val="%7"/><w:lvlJc w:val="left"/></w:lvl><w:lvl w:ilvl="7"><w:start w:val="1"/><w:nfc w:val="255"/><w:suff w:val="Nothing"/><w:lvlText w:val="%8"/><w:lvlJc w:val="left"/></w:lvl><w:lvl w:ilvl="8"><w:start w:val="1"/><w:nfc w:val="255"/><w:suff w:val="Nothing"/><w:lvlText w:val="%9"/><w:lvlJc w:val="left"/></w:lvl></w:listDef><w:list w:ilfo="1"><w:ilst w:val="0"/></w:list></w:lists><w:styles><w:versionOfBuiltInStylenames w:val="7"/><w:latentStyles w:defLockedState="off" w:latentStyleCount="376"><w:lsdException w:name="Normal"/><w:lsdException w:name="heading 1"/><w:lsdException w:name="heading 2"/><w:lsdException w:name="heading 3"/><w:lsdException w:name="heading 4"/><w:lsdException w:name="heading 5"/><w:lsdException w:name="heading 6"/><w:lsdException w:name="heading 7"/><w:lsdException w:name="heading 8"/><w:lsdException w:name="heading 9"/><w:lsdException w:name="caption"/><w:lsdException w:name="Title"/><w:lsdException w:name="Subtitle"/><w:lsdException w:name="Strong"/><w:lsdException w:name="Emphasis"/><w:lsdException w:name="HTML Variable"/><w:lsdException w:name="Outline List 3"/><w:lsdException w:name="Table Simple 1"/><w:lsdException w:name="Table Simple 2"/><w:lsdException w:name="Table Simple 3"/><w:lsdException w:name="Table Classic 1"/><w:lsdException w:name="Table Classic 2"/><w:lsdException w:name="Table Classic 3"/><w:lsdException w:name="Table Classic 4"/><w:lsdException w:name="Table Colorful 1"/><w:lsdException w:name="Table Colorful 2"/><w:lsdException w:name="Table Colorful 3"/><w:lsdException w:name="Table Columns 1"/><w:lsdException w:name="Table Columns 2"/><w:lsdException w:name="Table Columns 3"/><w:lsdException w:name="Table Columns 4"/><w:lsdException w:name="Table Columns 5"/><w:lsdException w:name="Table Grid 1"/><w:lsdException w:name="Table Grid 2"/><w:lsdException w:name="Table Grid 3"/><w:lsdException w:name="Table Grid 4"/><w:lsdException w:name="Table Grid 5"/><w:lsdException w:name="Table Grid 6"/><w:lsdException w:name="Table Grid 7"/><w:lsdException w:name="Table Grid 8"/><w:lsdException w:name="Table List 1"/><w:lsdException w:name="Table List 2"/><w:lsdException w:name="Table List 3"/><w:lsdException w:name="Table List 4"/><w:lsdException w:name="Table List 5"/><w:lsdException w:name="Table List 6"/><w:lsdException w:name="Table List 7"/><w:lsdException w:name="Table List 8"/><w:lsdException w:name="Table 3D effects 1"/><w:lsdException w:name="Table 3D effects 2"/><w:lsdException w:name="Table 3D effects 3"/><w:lsdException w:name="Table Contemporary"/><w:lsdException w:name="Table Elegant"/><w:lsdException w:name="Table Professional"/><w:lsdException w:name="Table Subtle 1"/><w:lsdException w:name="Table Subtle 2"/><w:lsdException w:name="Table Web 1"/><w:lsdException w:name="Table Web 2"/><w:lsdException w:name="Balloon Text"/><w:lsdException w:name="No Spacing"/><w:lsdException w:name="Light Shading"/><w:lsdException w:name="Light List"/><w:lsdException w:name="Light Grid"/><w:lsdException w:name="Medium Shading 1"/><w:lsdException w:name="Medium Shading 2"/><w:lsdException w:name="Medium List 1"/><w:lsdException w:name="Medium List 2"/><w:lsdException w:name="Medium Grid 1"/><w:lsdException w:name="Medium Grid 2"/><w:lsdException w:name="Medium Grid 3"/><w:lsdException w:name="Dark List"/><w:lsdException w:name="Colorful Shading"/><w:lsdException w:name="Colorful List"/><w:lsdException w:name="Colorful Grid"/><w:lsdException w:name="Light Shading Accent 1"/><w:lsdException w:name="Light List Accent 1"/><w:lsdException w:name="Light Grid Accent 1"/><w:lsdException w:name="Medium Shading 1 Accent 1"/><w:lsdException w:name="Medium Shading 2 Accent 1"/><w:lsdException w:name="List Paragraph"/><w:lsdException w:name="Quote"/><w:lsdException w:name="Intense Quote"/><w:lsdException w:name="Medium List 2 Accent 1"/><w:lsdException w:name="Medium Grid 1 Accent 1"/><w:lsdException w:name="Medium Grid 2 Accent 1"/><w:lsdException w:name="Medium Grid 3 Accent 1"/><w:lsdException w:name="Dark List Accent 1"/><w:lsdException w:name="Colorful Shading Accent 1"/><w:lsdException w:name="Colorful List Accent 1"/><w:lsdException w:name="Colorful Grid Accent 1"/><w:lsdException w:name="Light Shading Accent 2"/><w:lsdException w:name="Light List Accent 2"/><w:lsdException w:name="Light Grid Accent 2"/><w:lsdException w:name="Medium Shading 1 Accent 2"/><w:lsdException w:name="Medium Shading 2 Accent 2"/><w:lsdException w:name="Medium List 1 Accent 2"/><w:lsdException w:name="Medium List 2 Accent 2"/><w:lsdException w:name="Medium Grid 1 Accent 2"/><w:lsdException w:name="Medium Grid 2 Accent 2"/><w:lsdException w:name="Medium Grid 3 Accent 2"/><w:lsdException w:name="Dark List Accent 2"/><w:lsdException w:name="Colorful Shading Accent 2"/><w:lsdException w:name="Colorful List Accent 2"/><w:lsdException w:name="Colorful Grid Accent 2"/><w:lsdException w:name="Light Shading Accent 3"/><w:lsdException w:name="Light List Accent 3"/><w:lsdException w:name="Light Grid Accent 3"/><w:lsdException w:name="Medium Shading 1 Accent 3"/><w:lsdException w:name="Medium Shading 2 Accent 3"/><w:lsdException w:name="Medium List 1 Accent 3"/><w:lsdException w:name="Medium List 2 Accent 3"/><w:lsdException w:name="Medium Grid 1 Accent 3"/><w:lsdException w:name="Medium Grid 2 Accent 3"/><w:lsdException w:name="Medium Grid 3 Accent 3"/><w:lsdException w:name="Dark List Accent 3"/><w:lsdException w:name="Colorful Shading Accent 3"/><w:lsdException w:name="Colorful List Accent 3"/><w:lsdException w:name="Colorful Grid Accent 3"/><w:lsdException w:name="Light Shading Accent 4"/><w:lsdException w:name="Light List Accent 4"/><w:lsdException w:name="Light Grid Accent 4"/><w:lsdException w:name="Medium Shading 1 Accent 4"/><w:lsdException w:name="Medium Shading 2 Accent 4"/><w:lsdException w:name="Medium List 1 Accent 4"/><w:lsdException w:name="Medium List 2 Accent 4"/><w:lsdException w:name="Medium Grid 1 Accent 4"/><w:lsdException w:name="Medium Grid 2 Accent 4"/><w:lsdException w:name="Medium Grid 3 Accent 4"/><w:lsdException w:name="Dark List Accent 4"/><w:lsdException w:name="Colorful Shading Accent 4"/><w:lsdException w:name="Colorful List Accent 4"/><w:lsdException w:name="Colorful Grid Accent 4"/><w:lsdException w:name="Light Shading Accent 5"/><w:lsdException w:name="Light List Accent 5"/><w:lsdException w:name="Light Grid Accent 5"/><w:lsdException w:name="Medium Shading 1 Accent 5"/><w:lsdException w:name="Medium Shading 2 Accent 5"/><w:lsdException w:name="Medium List 1 Accent 5"/><w:lsdException w:name="Medium List 2 Accent 5"/><w:lsdException w:name="Medium Grid 1 Accent 5"/><w:lsdException w:name="Medium Grid 2 Accent 5"/><w:lsdException w:name="Medium Grid 3 Accent 5"/><w:lsdException w:name="Dark List Accent 5"/><w:lsdException w:name="Colorful Shading Accent 5"/><w:lsdException w:name="Colorful List Accent 5"/><w:lsdException w:name="Colorful Grid Accent 5"/><w:lsdException w:name="Light Shading Accent 6"/><w:lsdException w:name="Light List Accent 6"/><w:lsdException w:name="Light Grid Accent 6"/><w:lsdException w:name="Medium Shading 1 Accent 6"/><w:lsdException w:name="Medium Shading 2 Accent 6"/><w:lsdException w:name="Medium List 1 Accent 6"/><w:lsdException w:name="Medium List 2 Accent 6"/><w:lsdException w:name="Medium Grid 1 Accent 6"/><w:lsdException w:name="Medium Grid 2 Accent 6"/><w:lsdException w:name="Medium Grid 3 Accent 6"/><w:lsdException w:name="Dark List Accent 6"/><w:lsdException w:name="Colorful Shading Accent 6"/><w:lsdException w:name="Colorful List Accent 6"/><w:lsdException w:name="Subtle Emphasis"/><w:lsdException w:name="Intense Emphasis"/><w:lsdException w:name="Subtle Reference"/><w:lsdException w:name="Intense Reference"/><w:lsdException w:name="Book Title"/><w:lsdException w:name="TOC Heading"/><w:lsdException w:name="Smart Link"/></w:latentStyles><w:style w:type="paragraph" w:default="on" w:styleId="Normal"><w:name w:val="Normal"/><w:rsid w:val="00C20C05"/><w:rPr><wx:font wx:val="Times New Roman"/><w:lang w:val="EN-IN" w:fareast="EN-IN" w:bidi="AR-SA"/></w:rPr></w:style><w:style w:type="character" w:default="on" w:styleId="DefaultParagraphFont"><w:name w:val="Default Paragraph Font"/></w:style><w:style w:type="table" w:default="on" w:styleId="TableNormal"><w:name w:val="Normal Table"/><wx:uiName wx:val="Table Normal"/><w:rPr><wx:font wx:val="Times New Roman"/><w:lang w:val="EN-IN" w:fareast="EN-IN" w:bidi="AR-SA"/></w:rPr><w:tblPr><w:tblInd w:w="0" w:type="dxa"/><w:tblCellMar><w:top w:w="0" w:type="dxa"/><w:left w:w="108" w:type="dxa"/><w:bottom w:w="0" w:type="dxa"/><w:right w:w="108" w:type="dxa"/></w:tblCellMar></w:tblPr></w:style><w:style w:type="list" w:default="on" w:styleId="NoList"><w:name w:val="No List"/></w:style><w:style w:type="paragraph" w:styleId="default-paragraph-style"><w:name w:val="default-paragraph-style"/><w:rsid w:val="00E74FEB"/><w:pPr><w:widowControl w:val="off"/><w:adjustRightInd w:val="off"/></w:pPr><w:rPr><w:rFonts w:ascii="Liberation Serif" w:fareast="DejaVu Sans" w:h-ansi="Liberation Serif" w:cs="DejaVu Sans"/><wx:font wx:val="Liberation Serif"/><w:sz w:val="24"/><w:lang w:val="EN-IN" w:fareast="EN-IN" w:bidi="AR-SA"/></w:rPr></w:style><w:style w:type="table" w:styleId="default-table-style"><w:name w:val="default-table-style"/><w:rsid w:val="00E74FEB"/><w:rPr><wx:font wx:val="Times New Roman"/><w:lang w:val="EN-IN" w:fareast="EN-IN" w:bidi="AR-SA"/></w:rPr><w:tblPr><w:tblInd w:w="0" w:type="auto"/><w:tblCellMar><w:top w:w="0" w:type="dxa"/><w:left w:w="0" w:type="dxa"/><w:bottom w:w="0" w:type="dxa"/><w:right w:w="0" w:type="dxa"/></w:tblCellMar></w:tblPr></w:style><w:style w:type="paragraph" w:styleId="Standard"><w:name w:val="Standard"/><w:basedOn w:val="default-paragraph-style"/><w:rsid w:val="00E74FEB"/><w:rPr><wx:font wx:val="Liberation Serif"/></w:rPr></w:style><w:style w:type="paragraph" w:styleId="Heading"><w:name w:val="Heading"/><w:basedOn w:val="Standard"/><w:next w:val="Text20body"/><w:rsid w:val="00E74FEB"/><w:pPr><w:spacing w:before="239" w:after="120"/></w:pPr><w:rPr><w:rFonts w:ascii="Liberation Sans" w:h-ansi="Liberation Sans"/><wx:font wx:val="Liberation Sans"/><w:sz w:val="28"/></w:rPr></w:style><w:style w:type="paragraph" w:styleId="Text20body"><w:name w:val="Text_20_body"/><w:basedOn w:val="Standard"/><w:rsid w:val="00E74FEB"/><w:pPr><w:spacing w:after="139" w:line="276" w:line-rule="auto"/></w:pPr><w:rPr><wx:font wx:val="Liberation Serif"/></w:rPr></w:style><w:style w:type="paragraph" w:styleId="List"><w:name w:val="List"/><w:basedOn w:val="Text20body"/><w:rsid w:val="00E74FEB"/><w:rPr><wx:font wx:val="Liberation Serif"/></w:rPr></w:style><w:style w:type="paragraph" w:styleId="Caption"><w:name w:val="caption"/><wx:uiName wx:val="Caption"/><w:basedOn w:val="Standard"/><w:rsid w:val="00E74FEB"/><w:pPr><w:supressLineNumbers/><w:spacing w:before="120" w:after="120"/></w:pPr><w:rPr><wx:font wx:val="Liberation Serif"/><w:i/></w:rPr></w:style><w:style w:type="paragraph" w:styleId="Index"><w:name w:val="Index"/><w:basedOn w:val="Standard"/><w:rsid w:val="00E74FEB"/><w:pPr><w:supressLineNumbers/></w:pPr><w:rPr><wx:font wx:val="Liberation Serif"/></w:rPr></w:style><w:style w:type="paragraph" w:styleId="Preformatted20Text"><w:name w:val="Preformatted_20_Text"/><w:basedOn w:val="Standard"/><w:rsid w:val="00E74FEB"/><w:rPr><w:rFonts w:ascii="Liberation Mono" w:fareast="Liberation Mono" w:h-ansi="Liberation Mono" w:cs="Liberation Mono"/><wx:font wx:val="Liberation Mono"/><w:sz w:val="20"/></w:rPr></w:style><w:style w:type="character" w:styleId="Hyperlink"><w:name w:val="Hyperlink"/><w:rsid w:val="006A55B0"/><w:rPr><w:color w:val="000080"/><w:u w:val="single"/></w:rPr></w:style><w:style w:type="character" w:styleId="FollowedHyperlink"><w:name w:val="FollowedHyperlink"/><w:rsid w:val="006A55B0"/><w:rPr><w:color w:val="800000"/><w:u w:val="single"/></w:rPr></w:style><w:style w:type="character" w:styleId="CommentReference"><w:name w:val="annotation reference"/><wx:uiName wx:val="Comment Reference"/><w:rsid w:val="007770B7"/><w:rPr><w:sz w:val="16"/><w:sz-cs w:val="16"/></w:rPr></w:style><w:style w:type="paragraph" w:styleId="CommentText"><w:name w:val="annotation text"/><wx:uiName wx:val="Comment Text"/><w:rsid w:val="007770B7"/><w:rPr><wx:font wx:val="Times New Roman"/><w:lang w:val="EN-IN" w:fareast="EN-IN" w:bidi="AR-SA"/></w:rPr></w:style><w:style w:type="paragraph" w:styleId="CommentSubject"><w:name w:val="annotation subject"/><wx:uiName wx:val="Comment Subject"/><w:basedOn w:val="CommentText"/><w:next w:val="CommentText"/><w:rsid w:val="007770B7"/><w:rPr><wx:font wx:val="Times New Roman"/><w:b/><w:b-cs/></w:rPr></w:style></w:styles><w:shapeDefaults><o:shapedefaults v:ext="edit" spidmax="1026"/><o:shapelayout v:ext="edit"><o:idmap v:ext="edit" data="1"/></o:shapelayout></w:shapeDefaults><w:docPr><w:view w:val="print"/><w:zoom w:percent="100"/><w:displayBackgroundShape/><w:proofState w:spelling="clean"/><w:defaultTabStop w:val="709"/><w:characterSpacingControl w:val="DontCompress"/><w:validateAgainstSchema/><w:saveInvalidXML w:val="off"/><w:ignoreMixedContent w:val="off"/><w:alwaysShowPlaceholderText w:val="off"/><w:compat><w:breakWrappedTables/></w:compat><wsp:rsids><wsp:rsidRoot wsp:val="00E74FEB"/><wsp:rsid wsp:val="00272899"/><wsp:rsid wsp:val="003C735E"/><wsp:rsid wsp:val="0063273F"/><wsp:rsid wsp:val="0063720C"/><wsp:rsid wsp:val="007D0F15"/><wsp:rsid wsp:val="00C20C05"/><wsp:rsid wsp:val="00CD0E64"/><wsp:rsid wsp:val="00CF5287"/><wsp:rsid wsp:val="00E74FEB"/><wsp:rsid wsp:val="00EC3162"/></wsp:rsids></w:docPr><w:body><wx:sect><w:p wsp:rsidR="00E74FEB" wsp:rsidRDefault="00272899"><w:pPr><w:pStyle w:val="Preformatted20Text"/></w:pPr><w:r><w:t>&lt;</w:t></w:r><w:r wsp:rsidR="007D0F15"><w:t>Salesforce</w:t></w:r><w:r><w:t> URL&gt;</w:t></w:r><w:r wsp:rsidR="0063273F" wsp:rsidRPr="0063273F"><w:t> </w:t></w:r><w:r wsp:rsidR="0063273F" wsp:rsidRPr="0063273F"><w:t>https://login.salesforce.com/</w:t></w:r><w:r><w:t>&lt;</w:t></w:r><w:r wsp:rsidR="007D0F15"><w:t>Salesforce</w:t></w:r><w:r><w:t> URL&gt; </w:t></w:r></w:p><w:p wsp:rsidR="00E74FEB" wsp:rsidRDefault="00272899"><w:pPr><w:pStyle w:val="Preformatted20Text"/></w:pPr><w:r><w:t>&lt;</w:t></w:r><w:r wsp:rsidR="007D0F15"><w:t>Salesforce</w:t></w:r><w:r><w:t> UserName&gt;</w:t></w:r><w:r wsp:rsidR="0063273F" wsp:rsidRPr="0063273F"><w:t> </w:t></w:r><w:r wsp:rsidR="0063273F" wsp:rsidRPr="0063273F"><w:t>hemanthk@qbotica.com</w:t></w:r><w:r><w:t>&lt;</w:t></w:r><w:r wsp:rsidR="007D0F15"><w:t>Salesforce</w:t></w:r><w:r><w:t> UserName&gt; </w:t></w:r></w:p><w:p wsp:rsidR="00E74FEB" wsp:rsidRDefault="00272899"><w:pPr><w:pStyle w:val="Preformatted20Text"/></w:pPr><w:r><w:t>&lt;</w:t></w:r><w:r wsp:rsidR="007D0F15"><w:t>Salesforce</w:t></w:r><w:r><w:t> Password&gt;</w:t></w:r><w:r wsp:rsidR="0063273F" wsp:rsidRPr="0063273F"><w:t> </w:t></w:r><w:r wsp:rsidR="0063273F" wsp:rsidRPr="0063273F"><w:t>qbotica123</w:t></w:r><w:r><w:t>&lt;</w:t></w:r><w:r wsp:rsidR="007D0F15"><w:t>Salesforce</w:t></w:r><w:r><w:t> Password&gt; </w:t></w:r></w:p><w:p wsp:rsidR="00E74FEB" wsp:rsidRDefault="00272899"><w:pPr><w:pStyle w:val="Preformatted20Text"/></w:pPr><w:r><w:t>&lt;</w:t></w:r><w:r wsp:rsidR="007D0F15"><w:t>Excel</w:t></w:r><w:r><w:t> URL&gt;</w:t></w:r><w:r wsp:rsidR="0063273F" wsp:rsidRPr="0063273F"><w:t> </w:t></w:r><w:r wsp:rsidR="0063273F" wsp:rsidRPr="0063273F"><w:t>C:\Users\heman\Documents\qBotica\Projects\SalesForce\Add Customer.xlsx</w:t></w:r><w:r><w:t>&lt;</w:t></w:r><w:r wsp:rsidR="007D0F15"><w:t>Excel</w:t></w:r><w:r><w:t> URL&gt;</w:t></w:r></w:p><w:p wsp:rsidR="00EC3162" wsp:rsidRDefault="00EC3162" wsp:rsidP="00EC3162"><w:pPr><w:pStyle w:val="Preformatted20Text"/></w:pPr><w:r><w:t>&lt;</w:t></w:r><w:proofErr w:type="spellStart"/><w:r><w:t>OutLook</w:t></w:r><w:proofErr w:type="spellEnd"/><w:r><w:t> URL&gt;https://outlook.live.com/owa/#&lt;OutLook URL&gt; </w:t></w:r></w:p><w:p wsp:rsidR="00EC3162" wsp:rsidRDefault="00EC3162" wsp:rsidP="00EC3162"><w:pPr><w:pStyle w:val="Preformatted20Text"/></w:pPr><w:r><w:t>&lt;</w:t></w:r><w:proofErr w:type="spellStart"/><w:r><w:t>OutLook</w:t></w:r><w:proofErr w:type="spellEnd"/><w:r><w:t> UserName&gt;noreply@qbotica.com&lt;</w:t></w:r><w:proofErr w:type="spellStart"/><w:r><w:t>OutLook</w:t></w:r><w:proofErr w:type="spellEnd"/><w:r><w:t> UserName&gt; </w:t></w:r></w:p><w:p wsp:rsidR="00EC3162" wsp:rsidRDefault="00EC3162"><w:pPr><w:pStyle w:val="Preformatted20Text"/></w:pPr><w:r><w:t>&lt;</w:t></w:r><w:proofErr w:type="spellStart"/><w:r><w:t>OutLook</w:t></w:r><w:proofErr w:type="spellEnd"/><w:r><w:t> Password&gt;Ruk13138q0t&lt;</w:t></w:r><w:proofErr w:type="spellStart"/><w:r><w:t>OutLook</w:t></w:r><w:proofErr w:type="spellEnd"/><w:r><w:t> Password&gt; </w:t></w:r></w:p><w:p wsp:rsidR="00E74FEB" wsp:rsidRDefault="00E74FEB"><w:pPr><w:pStyle w:val="Preformatted20Text"/></w:pPr></w:p><w:sectPr wsp:rsidR="00E74FEB" wsp:rsidSect="00E74FEB"><w:pgSz w:w="11907" w:h="16839"/><w:pgMar w:top="1133" w:right="1133" w:bottom="1133" w:left="1133" w:header="720" w:footer="720" w:gutter="0"/><w:cols w:space="720"/></w:sectPr></wx:sect></w:body></w:wordDocument>